{"pages":["Arial.png"],"chars":[{"id":198,"index":144,"char":"Æ","width":44,"height":34,"xoffset":-2,"yoffset":3,"xadvance":42,"chnl":15,"x":0,"y":0,"page":0},{"id":106,"index":77,"char":"j","width":12,"height":43,"xoffset":-4,"yoffset":3,"xadvance":9,"chnl":15,"x":0,"y":35,"page":0},{"id":87,"index":58,"char":"W","width":43,"height":34,"xoffset":-1,"yoffset":3,"xadvance":40,"chnl":15,"x":0,"y":79,"page":0},{"id":199,"index":100,"char":"Ç","width":31,"height":43,"xoffset":0,"yoffset":2,"xadvance":30,"chnl":15,"x":13,"y":35,"page":0},{"id":253,"index":234,"char":"ý","width":24,"height":43,"xoffset":-1,"yoffset":3,"xadvance":21,"chnl":15,"x":0,"y":114,"page":0},{"id":123,"index":94,"char":"{","width":16,"height":43,"xoffset":-1,"yoffset":2,"xadvance":14,"chnl":15,"x":0,"y":158,"page":0},{"id":125,"index":96,"char":"}","width":16,"height":43,"xoffset":-1,"yoffset":2,"xadvance":14,"chnl":15,"x":0,"y":202,"page":0},{"id":40,"index":11,"char":"(","width":14,"height":43,"xoffset":1,"yoffset":2,"xadvance":14,"chnl":15,"x":0,"y":246,"page":0},{"id":41,"index":12,"char":")","width":14,"height":43,"xoffset":1,"yoffset":2,"xadvance":14,"chnl":15,"x":0,"y":290,"page":0},{"id":64,"index":35,"char":"@","width":43,"height":43,"xoffset":0,"yoffset":2,"xadvance":43,"chnl":15,"x":0,"y":334,"page":0},{"id":958,"index":543,"char":"ξ","width":20,"height":43,"xoffset":0,"yoffset":2,"xadvance":19,"chnl":15,"x":15,"y":246,"page":0},{"id":950,"index":535,"char":"ζ","width":21,"height":43,"xoffset":-1,"yoffset":3,"xadvance":19,"chnl":15,"x":15,"y":290,"page":0},{"id":946,"index":533,"char":"β","width":23,"height":43,"xoffset":1,"yoffset":2,"xadvance":24,"chnl":15,"x":17,"y":158,"page":0},{"id":201,"index":101,"char":"É","width":26,"height":42,"xoffset":1,"yoffset":-5,"xadvance":28,"chnl":15,"x":25,"y":114,"page":0},{"id":192,"index":172,"char":"À","width":32,"height":42,"xoffset":-2,"yoffset":-5,"xadvance":28,"chnl":15,"x":17,"y":202,"page":0},{"id":200,"index":202,"char":"È","width":26,"height":42,"xoffset":1,"yoffset":-5,"xadvance":28,"chnl":15,"x":36,"y":245,"page":0},{"id":217,"index":212,"char":"Ù","width":28,"height":42,"xoffset":1,"yoffset":-5,"xadvance":30,"chnl":15,"x":41,"y":157,"page":0},{"id":194,"index":198,"char":"Â","width":32,"height":42,"xoffset":-2,"yoffset":-5,"xadvance":28,"chnl":15,"x":50,"y":200,"page":0},{"id":202,"index":199,"char":"Ê","width":26,"height":42,"xoffset":1,"yoffset":-5,"xadvance":28,"chnl":15,"x":37,"y":288,"page":0},{"id":206,"index":204,"char":"Î","width":17,"height":42,"xoffset":-3,"yoffset":-5,"xadvance":12,"chnl":15,"x":63,"y":243,"page":0},{"id":212,"index":208,"char":"Ô","width":33,"height":42,"xoffset":0,"yoffset":-5,"xadvance":33,"chnl":15,"x":45,"y":0,"page":0},{"id":219,"index":211,"char":"Û","width":28,"height":42,"xoffset":1,"yoffset":-5,"xadvance":30,"chnl":15,"x":45,"y":43,"page":0},{"id":205,"index":203,"char":"Í","width":12,"height":42,"xoffset":1,"yoffset":-5,"xadvance":12,"chnl":15,"x":52,"y":86,"page":0},{"id":193,"index":200,"char":"Á","width":32,"height":42,"xoffset":-2,"yoffset":-5,"xadvance":28,"chnl":15,"x":65,"y":86,"page":0},{"id":211,"index":207,"char":"Ó","width":33,"height":42,"xoffset":0,"yoffset":-5,"xadvance":33,"chnl":15,"x":74,"y":43,"page":0},{"id":218,"index":210,"char":"Ú","width":28,"height":42,"xoffset":1,"yoffset":-5,"xadvance":30,"chnl":15,"x":79,"y":0,"page":0},{"id":221,"index":233,"char":"Ý","width":32,"height":42,"xoffset":-2,"yoffset":-5,"xadvance":28,"chnl":15,"x":70,"y":129,"page":0},{"id":268,"index":253,"char":"Č","width":31,"height":42,"xoffset":0,"yoffset":-5,"xadvance":30,"chnl":15,"x":98,"y":86,"page":0},{"id":352,"index":226,"char":"Š","width":28,"height":42,"xoffset":0,"yoffset":-5,"xadvance":28,"chnl":15,"x":108,"y":0,"page":0},{"id":338,"index":175,"char":"Œ","width":42,"height":35,"xoffset":1,"yoffset":2,"xadvance":42,"chnl":15,"x":108,"y":43,"page":0},{"id":91,"index":62,"char":"[","width":12,"height":42,"xoffset":1,"yoffset":3,"xadvance":12,"chnl":15,"x":137,"y":0,"page":0},{"id":93,"index":64,"char":"]","width":12,"height":42,"xoffset":-1,"yoffset":3,"xadvance":12,"chnl":15,"x":150,"y":0,"page":0},{"id":1046,"index":576,"char":"Ж","width":42,"height":34,"xoffset":-2,"yoffset":3,"xadvance":39,"chnl":15,"x":0,"y":378,"page":0},{"id":1092,"index":622,"char":"ф","width":35,"height":42,"xoffset":0,"yoffset":3,"xadvance":35,"chnl":15,"x":0,"y":413,"page":0},{"id":1062,"index":592,"char":"Ц","width":30,"height":42,"xoffset":1,"yoffset":3,"xadvance":31,"chnl":15,"x":0,"y":456,"page":0},{"id":1065,"index":595,"char":"Щ","width":39,"height":42,"xoffset":1,"yoffset":3,"xadvance":39,"chnl":15,"x":0,"y":499,"page":0},{"id":220,"index":104,"char":"Ü","width":28,"height":41,"xoffset":1,"yoffset":-3,"xadvance":30,"chnl":15,"x":31,"y":456,"page":0},{"id":209,"index":102,"char":"Ñ","width":28,"height":41,"xoffset":1,"yoffset":-4,"xadvance":30,"chnl":15,"x":36,"y":413,"page":0},{"id":36,"index":7,"char":"$","width":24,"height":41,"xoffset":-1,"yoffset":0,"xadvance":23,"chnl":15,"x":44,"y":331,"page":0},{"id":1044,"index":574,"char":"Д","width":31,"height":41,"xoffset":-2,"yoffset":3,"xadvance":28,"chnl":15,"x":64,"y":286,"page":0},{"id":1049,"index":579,"char":"Й","width":28,"height":41,"xoffset":1,"yoffset":-4,"xadvance":30,"chnl":15,"x":81,"y":243,"page":0},{"id":1070,"index":600,"char":"Ю","width":41,"height":35,"xoffset":1,"yoffset":2,"xadvance":42,"chnl":15,"x":44,"y":373,"page":0},{"id":214,"index":103,"char":"Ö","width":33,"height":41,"xoffset":0,"yoffset":-3,"xadvance":33,"chnl":15,"x":69,"y":328,"page":0},{"id":197,"index":99,"char":"Å","width":32,"height":41,"xoffset":-2,"yoffset":-4,"xadvance":28,"chnl":15,"x":96,"y":285,"page":0},{"id":203,"index":201,"char":"Ë","width":26,"height":40,"xoffset":1,"yoffset":-3,"xadvance":28,"chnl":15,"x":83,"y":172,"page":0},{"id":207,"index":205,"char":"Ï","width":16,"height":40,"xoffset":-2,"yoffset":-3,"xadvance":12,"chnl":15,"x":103,"y":129,"page":0},{"id":339,"index":176,"char":"œ","width":40,"height":27,"xoffset":0,"yoffset":11,"xadvance":40,"chnl":15,"x":83,"y":213,"page":0},{"id":1025,"index":556,"char":"Ё","width":26,"height":40,"xoffset":1,"yoffset":-3,"xadvance":28,"chnl":15,"x":110,"y":170,"page":0},{"id":196,"index":98,"char":"Ä","width":32,"height":40,"xoffset":-2,"yoffset":-3,"xadvance":28,"chnl":15,"x":120,"y":129,"page":0},{"id":230,"index":160,"char":"æ","width":38,"height":27,"xoffset":-1,"yoffset":11,"xadvance":37,"chnl":15,"x":110,"y":241,"page":0},{"id":81,"index":52,"char":"Q","width":33,"height":37,"xoffset":0,"yoffset":2,"xadvance":33,"chnl":15,"x":130,"y":79,"page":0},{"id":37,"index":8,"char":"%","width":36,"height":36,"xoffset":0,"yoffset":2,"xadvance":37,"chnl":15,"x":137,"y":170,"page":0},{"id":1064,"index":594,"char":"Ш","width":36,"height":34,"xoffset":1,"yoffset":3,"xadvance":38,"chnl":15,"x":151,"y":43,"page":0},{"id":1066,"index":596,"char":"Ъ","width":36,"height":34,"xoffset":-2,"yoffset":3,"xadvance":33,"chnl":15,"x":163,"y":0,"page":0},{"id":934,"index":301,"char":"Φ","width":34,"height":36,"xoffset":0,"yoffset":2,"xadvance":34,"chnl":15,"x":153,"y":117,"page":0},{"id":229,"index":110,"char":"å","width":24,"height":36,"xoffset":0,"yoffset":2,"xadvance":23,"chnl":15,"x":164,"y":78,"page":0},{"id":216,"index":145,"char":"Ø","width":33,"height":36,"xoffset":0,"yoffset":2,"xadvance":33,"chnl":15,"x":188,"y":35,"page":0},{"id":121,"index":92,"char":"y","width":24,"height":35,"xoffset":-1,"yoffset":11,"xadvance":21,"chnl":15,"x":0,"y":542,"page":0},{"id":112,"index":83,"char":"p","width":23,"height":35,"xoffset":1,"yoffset":11,"xadvance":23,"chnl":15,"x":0,"y":578,"page":0},{"id":113,"index":84,"char":"q","width":23,"height":35,"xoffset":-1,"yoffset":11,"xadvance":23,"chnl":15,"x":0,"y":614,"page":0},{"id":100,"index":71,"char":"d","width":23,"height":35,"xoffset":-1,"yoffset":3,"xadvance":23,"chnl":15,"x":0,"y":650,"page":0},{"id":102,"index":73,"char":"f","width":17,"height":35,"xoffset":-2,"yoffset":2,"xadvance":12,"chnl":15,"x":0,"y":686,"page":0},{"id":103,"index":74,"char":"g","width":23,"height":35,"xoffset":-1,"yoffset":11,"xadvance":23,"chnl":15,"x":0,"y":722,"page":0},{"id":98,"index":69,"char":"b","width":23,"height":35,"xoffset":1,"yoffset":3,"xadvance":23,"chnl":15,"x":18,"y":686,"page":0},{"id":85,"index":56,"char":"U","width":28,"height":35,"xoffset":1,"yoffset":3,"xadvance":30,"chnl":15,"x":24,"y":578,"page":0},{"id":79,"index":50,"char":"O","width":33,"height":35,"xoffset":0,"yoffset":2,"xadvance":33,"chnl":15,"x":25,"y":542,"page":0},{"id":83,"index":54,"char":"S","width":28,"height":35,"xoffset":0,"yoffset":2,"xadvance":28,"chnl":15,"x":40,"y":498,"page":0},{"id":71,"index":42,"char":"G","width":32,"height":35,"xoffset":0,"yoffset":2,"xadvance":33,"chnl":15,"x":60,"y":455,"page":0},{"id":74,"index":45,"char":"J","width":21,"height":35,"xoffset":-1,"yoffset":3,"xadvance":21,"chnl":15,"x":65,"y":409,"page":0},{"id":67,"index":38,"char":"C","width":31,"height":35,"xoffset":0,"yoffset":2,"xadvance":30,"chnl":15,"x":86,"y":370,"page":0},{"id":233,"index":112,"char":"é","width":24,"height":35,"xoffset":0,"yoffset":3,"xadvance":23,"chnl":15,"x":103,"y":327,"page":0},{"id":224,"index":106,"char":"à","width":24,"height":35,"xoffset":0,"yoffset":3,"xadvance":23,"chnl":15,"x":87,"y":406,"page":0},{"id":232,"index":113,"char":"è","width":24,"height":35,"xoffset":0,"yoffset":3,"xadvance":23,"chnl":15,"x":24,"y":614,"page":0},{"id":249,"index":127,"char":"ù","width":22,"height":35,"xoffset":1,"yoffset":3,"xadvance":23,"chnl":15,"x":24,"y":650,"page":0},{"id":235,"index":115,"char":"ë","width":24,"height":35,"xoffset":0,"yoffset":3,"xadvance":23,"chnl":15,"x":0,"y":758,"page":0},{"id":252,"index":129,"char":"ü","width":22,"height":35,"xoffset":1,"yoffset":3,"xadvance":23,"chnl":15,"x":24,"y":722,"page":0},{"id":226,"index":107,"char":"â","width":24,"height":35,"xoffset":0,"yoffset":3,"xadvance":23,"chnl":15,"x":42,"y":686,"page":0},{"id":234,"index":114,"char":"ê","width":24,"height":35,"xoffset":0,"yoffset":3,"xadvance":23,"chnl":15,"x":47,"y":650,"page":0},{"id":244,"index":123,"char":"ô","width":24,"height":35,"xoffset":-1,"yoffset":3,"xadvance":23,"chnl":15,"x":49,"y":614,"page":0},{"id":251,"index":128,"char":"û","width":22,"height":35,"xoffset":1,"yoffset":3,"xadvance":23,"chnl":15,"x":53,"y":578,"page":0},{"id":225,"index":105,"char":"á","width":24,"height":35,"xoffset":0,"yoffset":3,"xadvance":23,"chnl":15,"x":59,"y":534,"page":0},{"id":243,"index":121,"char":"ó","width":24,"height":35,"xoffset":-1,"yoffset":3,"xadvance":23,"chnl":15,"x":69,"y":491,"page":0},{"id":250,"index":126,"char":"ú","width":22,"height":35,"xoffset":1,"yoffset":3,"xadvance":23,"chnl":15,"x":93,"y":442,"page":0},{"id":269,"index":254,"char":"č","width":23,"height":35,"xoffset":0,"yoffset":3,"xadvance":21,"chnl":15,"x":112,"y":406,"page":0},{"id":353,"index":227,"char":"š","width":22,"height":35,"xoffset":-1,"yoffset":3,"xadvance":21,"chnl":15,"x":118,"y":363,"page":0},{"id":47,"index":18,"char":"/","width":16,"height":35,"xoffset":-2,"yoffset":2,"xadvance":12,"chnl":15,"x":128,"y":327,"page":0},{"id":92,"index":63,"char":"\\","width":16,"height":35,"xoffset":-2,"yoffset":2,"xadvance":12,"chnl":15,"x":129,"y":269,"page":0},{"id":56,"index":27,"char":"8","width":24,"height":35,"xoffset":0,"yoffset":3,"xadvance":23,"chnl":15,"x":0,"y":794,"page":0},{"id":57,"index":28,"char":"9","width":24,"height":35,"xoffset":0,"yoffset":3,"xadvance":23,"chnl":15,"x":0,"y":830,"page":0},{"id":54,"index":25,"char":"6","width":24,"height":35,"xoffset":0,"yoffset":3,"xadvance":23,"chnl":15,"x":0,"y":866,"page":0},{"id":51,"index":22,"char":"3","width":24,"height":35,"xoffset":0,"yoffset":3,"xadvance":23,"chnl":15,"x":0,"y":902,"page":0},{"id":48,"index":19,"char":"0","width":24,"height":35,"xoffset":0,"yoffset":3,"xadvance":23,"chnl":15,"x":0,"y":938,"page":0},{"id":63,"index":34,"char":"?","width":23,"height":35,"xoffset":0,"yoffset":2,"xadvance":23,"chnl":15,"x":0,"y":974,"page":0},{"id":191,"index":162,"char":"¿","width":23,"height":35,"xoffset":1,"yoffset":11,"xadvance":26,"chnl":15,"x":24,"y":974,"page":0},{"id":163,"index":133,"char":"£","width":26,"height":35,"xoffset":-1,"yoffset":2,"xadvance":23,"chnl":15,"x":25,"y":758,"page":0},{"id":8364,"index":188,"char":"€","width":27,"height":35,"xoffset":-3,"yoffset":2,"xadvance":23,"chnl":15,"x":47,"y":722,"page":0},{"id":38,"index":9,"char":"&","width":29,"height":35,"xoffset":0,"yoffset":2,"xadvance":28,"chnl":15,"x":67,"y":686,"page":0},{"id":35,"index":6,"char":"#","width":26,"height":35,"xoffset":-2,"yoffset":2,"xadvance":23,"chnl":15,"x":72,"y":650,"page":0},{"id":1073,"index":603,"char":"б","width":25,"height":35,"xoffset":0,"yoffset":2,"xadvance":24,"chnl":15,"x":74,"y":614,"page":0},{"id":1105,"index":634,"char":"ё","width":24,"height":35,"xoffset":0,"yoffset":3,"xadvance":23,"chnl":15,"x":76,"y":570,"page":0},{"id":1047,"index":577,"char":"З","width":26,"height":35,"xoffset":0,"yoffset":2,"xadvance":25,"chnl":15,"x":84,"y":527,"page":0},{"id":1051,"index":581,"char":"Л","width":28,"height":35,"xoffset":-2,"yoffset":3,"xadvance":28,"chnl":15,"x":94,"y":478,"page":0},{"id":1054,"index":584,"char":"О","width":33,"height":35,"xoffset":0,"yoffset":2,"xadvance":33,"chnl":15,"x":116,"y":442,"page":0},{"id":1088,"index":618,"char":"р","width":23,"height":35,"xoffset":1,"yoffset":11,"xadvance":23,"chnl":15,"x":136,"y":399,"page":0},{"id":1057,"index":587,"char":"С","width":31,"height":35,"xoffset":0,"yoffset":2,"xadvance":30,"chnl":15,"x":141,"y":363,"page":0},{"id":1091,"index":621,"char":"у","width":24,"height":35,"xoffset":-1,"yoffset":11,"xadvance":21,"chnl":15,"x":145,"y":305,"page":0},{"id":1069,"index":599,"char":"Э","width":30,"height":35,"xoffset":0,"yoffset":2,"xadvance":30,"chnl":15,"x":146,"y":269,"page":0},{"id":246,"index":124,"char":"ö","width":24,"height":35,"xoffset":-1,"yoffset":3,"xadvance":23,"chnl":15,"x":170,"y":305,"page":0},{"id":228,"index":108,"char":"ä","width":24,"height":35,"xoffset":0,"yoffset":3,"xadvance":23,"chnl":15,"x":149,"y":207,"page":0},{"id":962,"index":546,"char":"ς","width":22,"height":35,"xoffset":0,"yoffset":11,"xadvance":20,"chnl":15,"x":174,"y":154,"page":0},{"id":961,"index":545,"char":"ρ","width":24,"height":35,"xoffset":1,"yoffset":11,"xadvance":24,"chnl":15,"x":188,"y":115,"page":0},{"id":952,"index":537,"char":"θ","width":24,"height":35,"xoffset":0,"yoffset":2,"xadvance":23,"chnl":15,"x":189,"y":72,"page":0},{"id":948,"index":303,"char":"δ","width":24,"height":35,"xoffset":-1,"yoffset":3,"xadvance":23,"chnl":15,"x":174,"y":190,"page":0},{"id":966,"index":307,"char":"φ","width":28,"height":35,"xoffset":-1,"yoffset":11,"xadvance":27,"chnl":15,"x":197,"y":151,"page":0},{"id":951,"index":536,"char":"η","width":22,"height":35,"xoffset":1,"yoffset":11,"xadvance":23,"chnl":15,"x":174,"y":226,"page":0},{"id":920,"index":300,"char":"Θ","width":33,"height":35,"xoffset":0,"yoffset":2,"xadvance":33,"chnl":15,"x":213,"y":108,"page":0},{"id":927,"index":517,"char":"Ο","width":33,"height":35,"xoffset":0,"yoffset":2,"xadvance":33,"chnl":15,"x":214,"y":72,"page":0},{"id":937,"index":525,"char":"Ω","width":31,"height":35,"xoffset":0,"yoffset":2,"xadvance":31,"chnl":15,"x":177,"y":262,"page":0},{"id":116,"index":87,"char":"t","width":15,"height":34,"xoffset":-1,"yoffset":4,"xadvance":12,"chnl":15,"x":200,"y":0,"page":0},{"id":105,"index":76,"char":"i","width":8,"height":34,"xoffset":1,"yoffset":3,"xadvance":9,"chnl":15,"x":216,"y":0,"page":0},{"id":104,"index":75,"char":"h","width":22,"height":34,"xoffset":1,"yoffset":3,"xadvance":23,"chnl":15,"x":197,"y":226,"page":0},{"id":107,"index":78,"char":"k","width":22,"height":34,"xoffset":1,"yoffset":3,"xadvance":21,"chnl":15,"x":222,"y":35,"page":0},{"id":108,"index":79,"char":"l","width":8,"height":34,"xoffset":1,"yoffset":3,"xadvance":9,"chnl":15,"x":225,"y":0,"page":0},{"id":109,"index":80,"char":"m","width":34,"height":26,"xoffset":1,"yoffset":11,"xadvance":35,"chnl":15,"x":234,"y":0,"page":0},{"id":119,"index":90,"char":"w","width":34,"height":26,"xoffset":-2,"yoffset":11,"xadvance":30,"chnl":15,"x":199,"y":187,"page":0},{"id":65,"index":36,"char":"A","width":32,"height":34,"xoffset":-2,"yoffset":3,"xadvance":28,"chnl":15,"x":226,"y":144,"page":0},{"id":90,"index":61,"char":"Z","width":28,"height":34,"xoffset":-1,"yoffset":3,"xadvance":26,"chnl":15,"x":247,"y":108,"page":0},{"id":69,"index":40,"char":"E","width":26,"height":34,"xoffset":1,"yoffset":3,"xadvance":28,"chnl":15,"x":245,"y":27,"page":0},{"id":82,"index":53,"char":"R","width":30,"height":34,"xoffset":1,"yoffset":3,"xadvance":30,"chnl":15,"x":248,"y":62,"page":0},{"id":84,"index":55,"char":"T","width":28,"height":34,"xoffset":-1,"yoffset":3,"xadvance":26,"chnl":15,"x":272,"y":0,"page":0},{"id":89,"index":60,"char":"Y","width":32,"height":34,"xoffset":-2,"yoffset":3,"xadvance":28,"chnl":15,"x":25,"y":794,"page":0},{"id":73,"index":44,"char":"I","width":8,"height":34,"xoffset":2,"yoffset":3,"xadvance":12,"chnl":15,"x":52,"y":758,"page":0},{"id":80,"index":51,"char":"P","width":27,"height":34,"xoffset":1,"yoffset":3,"xadvance":28,"chnl":15,"x":25,"y":829,"page":0},{"id":68,"index":39,"char":"D","width":29,"height":34,"xoffset":1,"yoffset":3,"xadvance":30,"chnl":15,"x":25,"y":864,"page":0},{"id":70,"index":41,"char":"F","width":24,"height":34,"xoffset":1,"yoffset":3,"xadvance":26,"chnl":15,"x":53,"y":829,"page":0},{"id":72,"index":43,"char":"H","width":28,"height":34,"xoffset":1,"yoffset":3,"xadvance":30,"chnl":15,"x":58,"y":793,"page":0},{"id":75,"index":46,"char":"K","width":29,"height":34,"xoffset":1,"yoffset":3,"xadvance":28,"chnl":15,"x":61,"y":758,"page":0},{"id":76,"index":47,"char":"L","width":23,"height":34,"xoffset":1,"yoffset":3,"xadvance":23,"chnl":15,"x":75,"y":722,"page":0},{"id":77,"index":48,"char":"M","width":33,"height":34,"xoffset":1,"yoffset":3,"xadvance":35,"chnl":15,"x":97,"y":686,"page":0},{"id":88,"index":59,"char":"X","width":32,"height":34,"xoffset":-2,"yoffset":3,"xadvance":28,"chnl":15,"x":99,"y":650,"page":0},{"id":86,"index":57,"char":"V","width":32,"height":34,"xoffset":-2,"yoffset":3,"xadvance":28,"chnl":15,"x":100,"y":606,"page":0},{"id":66,"index":37,"char":"B","width":27,"height":34,"xoffset":1,"yoffset":3,"xadvance":28,"chnl":15,"x":101,"y":563,"page":0},{"id":78,"index":49,"char":"N","width":28,"height":34,"xoffset":1,"yoffset":3,"xadvance":30,"chnl":15,"x":111,"y":514,"page":0},{"id":239,"index":119,"char":"ï","width":16,"height":34,"xoffset":-2,"yoffset":3,"xadvance":12,"chnl":15,"x":123,"y":478,"page":0},{"id":238,"index":118,"char":"î","width":17,"height":34,"xoffset":-2,"yoffset":3,"xadvance":12,"chnl":15,"x":129,"y":549,"page":0},{"id":237,"index":116,"char":"í","width":12,"height":34,"xoffset":2,"yoffset":3,"xadvance":12,"chnl":15,"x":140,"y":478,"page":0},{"id":241,"index":120,"char":"ñ","width":22,"height":34,"xoffset":1,"yoffset":3,"xadvance":23,"chnl":15,"x":140,"y":513,"page":0},{"id":322,"index":225,"char":"ł","width":13,"height":34,"xoffset":-2,"yoffset":3,"xadvance":9,"chnl":15,"x":150,"y":435,"page":0},{"id":321,"index":224,"char":"Ł","width":26,"height":34,"xoffset":-2,"yoffset":3,"xadvance":23,"chnl":15,"x":160,"y":399,"page":0},{"id":231,"index":111,"char":"ç","width":23,"height":34,"xoffset":0,"yoffset":11,"xadvance":21,"chnl":15,"x":153,"y":470,"page":0},{"id":55,"index":26,"char":"7","width":23,"height":34,"xoffset":0,"yoffset":3,"xadvance":23,"chnl":15,"x":164,"y":434,"page":0},{"id":52,"index":23,"char":"4","width":25,"height":34,"xoffset":-1,"yoffset":3,"xadvance":23,"chnl":15,"x":173,"y":341,"page":0},{"id":53,"index":24,"char":"5","width":24,"height":34,"xoffset":0,"yoffset":3,"xadvance":23,"chnl":15,"x":195,"y":298,"page":0},{"id":49,"index":20,"char":"1","width":15,"height":34,"xoffset":3,"yoffset":3,"xadvance":23,"chnl":15,"x":209,"y":261,"page":0},{"id":50,"index":21,"char":"2","width":24,"height":34,"xoffset":-1,"yoffset":3,"xadvance":23,"chnl":15,"x":220,"y":214,"page":0},{"id":33,"index":4,"char":"!","width":9,"height":34,"xoffset":2,"yoffset":3,"xadvance":12,"chnl":15,"x":234,"y":179,"page":0},{"id":161,"index":163,"char":"¡","width":9,"height":34,"xoffset":3,"yoffset":11,"xadvance":14,"chnl":15,"x":244,"y":179,"page":0},{"id":1040,"index":570,"char":"А","width":32,"height":34,"xoffset":-2,"yoffset":3,"xadvance":28,"chnl":15,"x":187,"y":376,"page":0},{"id":1041,"index":571,"char":"Б","width":27,"height":34,"xoffset":1,"yoffset":3,"xadvance":28,"chnl":15,"x":199,"y":333,"page":0},{"id":1042,"index":572,"char":"В","width":27,"height":34,"xoffset":1,"yoffset":3,"xadvance":28,"chnl":15,"x":220,"y":296,"page":0},{"id":1043,"index":573,"char":"Г","width":23,"height":34,"xoffset":1,"yoffset":3,"xadvance":23,"chnl":15,"x":225,"y":249,"page":0},{"id":1045,"index":575,"char":"Е","width":26,"height":34,"xoffset":1,"yoffset":3,"xadvance":28,"chnl":15,"x":245,"y":214,"page":0},{"id":1048,"index":578,"char":"И","width":28,"height":34,"xoffset":1,"yoffset":3,"xadvance":30,"chnl":15,"x":254,"y":179,"page":0},{"id":1081,"index":611,"char":"й","width":22,"height":34,"xoffset":1,"yoffset":3,"xadvance":23,"chnl":15,"x":259,"y":143,"page":0},{"id":1050,"index":580,"char":"К","width":25,"height":34,"xoffset":1,"yoffset":3,"xadvance":24,"chnl":15,"x":276,"y":97,"page":0},{"id":1052,"index":582,"char":"М","width":33,"height":34,"xoffset":1,"yoffset":3,"xadvance":35,"chnl":15,"x":282,"y":132,"page":0},{"id":1053,"index":583,"char":"Н","width":28,"height":34,"xoffset":1,"yoffset":3,"xadvance":30,"chnl":15,"x":279,"y":35,"page":0},{"id":1055,"index":585,"char":"П","width":28,"height":34,"xoffset":1,"yoffset":3,"xadvance":30,"chnl":15,"x":301,"y":0,"page":0},{"id":1056,"index":586,"char":"Р","width":27,"height":34,"xoffset":1,"yoffset":3,"xadvance":28,"chnl":15,"x":302,"y":70,"page":0},{"id":1058,"index":588,"char":"Т","width":28,"height":34,"xoffset":-1,"yoffset":3,"xadvance":26,"chnl":15,"x":308,"y":35,"page":0},{"id":1059,"index":589,"char":"У","width":30,"height":34,"xoffset":-2,"yoffset":3,"xadvance":27,"chnl":15,"x":330,"y":0,"page":0},{"id":1060,"index":590,"char":"Ф","width":33,"height":34,"xoffset":0,"yoffset":3,"xadvance":32,"chnl":15,"x":25,"y":899,"page":0},{"id":1061,"index":591,"char":"Х","width":32,"height":34,"xoffset":-2,"yoffset":3,"xadvance":28,"chnl":15,"x":55,"y":864,"page":0},{"id":1063,"index":593,"char":"Ч","width":27,"height":34,"xoffset":0,"yoffset":3,"xadvance":28,"chnl":15,"x":78,"y":828,"page":0},{"id":1097,"index":627,"char":"щ","width":34,"height":32,"xoffset":1,"yoffset":11,"xadvance":35,"chnl":15,"x":87,"y":793,"page":0},{"id":1067,"index":597,"char":"Ы","width":34,"height":34,"xoffset":1,"yoffset":3,"xadvance":37,"chnl":15,"x":91,"y":757,"page":0},{"id":1068,"index":598,"char":"Ь","width":27,"height":34,"xoffset":1,"yoffset":3,"xadvance":28,"chnl":15,"x":99,"y":721,"page":0},{"id":1071,"index":601,"char":"Я","width":30,"height":34,"xoffset":-1,"yoffset":3,"xadvance":30,"chnl":15,"x":25,"y":934,"page":0},{"id":947,"index":534,"char":"γ","width":24,"height":34,"xoffset":-1,"yoffset":11,"xadvance":21,"chnl":15,"x":48,"y":969,"page":0},{"id":955,"index":540,"char":"λ","width":24,"height":34,"xoffset":-2,"yoffset":3,"xadvance":21,"chnl":15,"x":56,"y":934,"page":0},{"id":967,"index":548,"char":"χ","width":25,"height":34,"xoffset":-2,"yoffset":11,"xadvance":22,"chnl":15,"x":59,"y":899,"page":0},{"id":968,"index":549,"char":"ψ","width":29,"height":34,"xoffset":1,"yoffset":11,"xadvance":30,"chnl":15,"x":73,"y":969,"page":0},{"id":956,"index":541,"char":"μ","width":22,"height":34,"xoffset":1,"yoffset":11,"xadvance":24,"chnl":15,"x":81,"y":934,"page":0},{"id":917,"index":508,"char":"Ε","width":26,"height":34,"xoffset":1,"yoffset":3,"xadvance":28,"chnl":15,"x":85,"y":899,"page":0},{"id":929,"index":519,"char":"Ρ","width":27,"height":34,"xoffset":1,"yoffset":3,"xadvance":28,"chnl":15,"x":88,"y":863,"page":0},{"id":932,"index":521,"char":"Τ","width":28,"height":34,"xoffset":-1,"yoffset":3,"xadvance":26,"chnl":15,"x":106,"y":826,"page":0},{"id":933,"index":522,"char":"Υ","width":32,"height":34,"xoffset":-2,"yoffset":3,"xadvance":28,"chnl":15,"x":103,"y":969,"page":0},{"id":921,"index":511,"char":"Ι","width":8,"height":34,"xoffset":2,"yoffset":3,"xadvance":12,"chnl":15,"x":104,"y":934,"page":0},{"id":928,"index":518,"char":"Π","width":28,"height":34,"xoffset":1,"yoffset":3,"xadvance":30,"chnl":15,"x":112,"y":898,"page":0},{"id":913,"index":505,"char":"Α","width":32,"height":34,"xoffset":-2,"yoffset":3,"xadvance":28,"chnl":15,"x":113,"y":933,"page":0},{"id":931,"index":520,"char":"Σ","width":25,"height":34,"xoffset":1,"yoffset":3,"xadvance":26,"chnl":15,"x":116,"y":861,"page":0},{"id":916,"index":507,"char":"Δ","width":32,"height":34,"xoffset":-2,"yoffset":3,"xadvance":28,"chnl":15,"x":141,"y":896,"page":0},{"id":915,"index":299,"char":"Γ","width":23,"height":34,"xoffset":1,"yoffset":3,"xadvance":23,"chnl":15,"x":136,"y":968,"page":0},{"id":919,"index":510,"char":"Η","width":28,"height":34,"xoffset":1,"yoffset":3,"xadvance":30,"chnl":15,"x":146,"y":931,"page":0},{"id":926,"index":516,"char":"Ξ","width":27,"height":34,"xoffset":0,"yoffset":3,"xadvance":27,"chnl":15,"x":160,"y":966,"page":0},{"id":922,"index":512,"char":"Κ","width":29,"height":34,"xoffset":1,"yoffset":3,"xadvance":28,"chnl":15,"x":126,"y":756,"page":0},{"id":923,"index":513,"char":"Λ","width":32,"height":34,"xoffset":-2,"yoffset":3,"xadvance":28,"chnl":15,"x":126,"y":791,"page":0},{"id":918,"index":509,"char":"Ζ","width":28,"height":34,"xoffset":-1,"yoffset":3,"xadvance":26,"chnl":15,"x":127,"y":721,"page":0},{"id":935,"index":523,"char":"Χ","width":32,"height":34,"xoffset":-2,"yoffset":3,"xadvance":28,"chnl":15,"x":135,"y":826,"page":0},{"id":936,"index":524,"char":"Ψ","width":34,"height":34,"xoffset":1,"yoffset":3,"xadvance":35,"chnl":15,"x":142,"y":861,"page":0},{"id":914,"index":506,"char":"Β","width":27,"height":34,"xoffset":1,"yoffset":3,"xadvance":28,"chnl":15,"x":174,"y":896,"page":0},{"id":925,"index":515,"char":"Ν","width":28,"height":34,"xoffset":1,"yoffset":3,"xadvance":30,"chnl":15,"x":175,"y":931,"page":0},{"id":924,"index":514,"char":"Μ","width":33,"height":34,"xoffset":1,"yoffset":3,"xadvance":35,"chnl":15,"x":131,"y":685,"page":0},{"id":969,"index":550,"char":"ω","width":33,"height":26,"xoffset":0,"yoffset":11,"xadvance":33,"chnl":15,"x":302,"y":105,"page":0},{"id":59,"index":30,"char":";","width":8,"height":32,"xoffset":1,"yoffset":11,"xadvance":12,"chnl":15,"x":137,"y":207,"page":0},{"id":1076,"index":606,"char":"д","width":27,"height":32,"xoffset":-2,"yoffset":11,"xadvance":25,"chnl":15,"x":330,"y":70,"page":0},{"id":1078,"index":608,"char":"ж","width":32,"height":26,"xoffset":-2,"yoffset":11,"xadvance":28,"chnl":15,"x":337,"y":35,"page":0},{"id":1094,"index":624,"char":"ц","width":24,"height":32,"xoffset":1,"yoffset":11,"xadvance":24,"chnl":15,"x":361,"y":0,"page":0},{"id":1096,"index":626,"char":"ш","width":32,"height":26,"xoffset":1,"yoffset":11,"xadvance":34,"chnl":15,"x":132,"y":641,"page":0},{"id":1102,"index":632,"char":"ю","width":31,"height":27,"xoffset":1,"yoffset":11,"xadvance":32,"chnl":15,"x":133,"y":584,"page":0},{"id":960,"index":652,"char":"π","width":31,"height":26,"xoffset":-1,"yoffset":11,"xadvance":29,"chnl":15,"x":133,"y":612,"page":0},{"id":248,"index":161,"char":"ø","width":24,"height":29,"xoffset":1,"yoffset":10,"xadvance":26,"chnl":15,"x":147,"y":548,"page":0},{"id":95,"index":66,"char":"_","width":28,"height":7,"xoffset":-3,"yoffset":39,"xadvance":23,"chnl":15,"x":153,"y":505,"page":0},{"id":1098,"index":628,"char":"ъ","width":28,"height":26,"xoffset":-1,"yoffset":11,"xadvance":26,"chnl":15,"x":163,"y":513,"page":0},{"id":1099,"index":629,"char":"ы","width":28,"height":26,"xoffset":1,"yoffset":11,"xadvance":30,"chnl":15,"x":177,"y":469,"page":0},{"id":963,"index":305,"char":"σ","width":28,"height":27,"xoffset":-1,"yoffset":11,"xadvance":26,"chnl":15,"x":188,"y":411,"page":0},{"id":97,"index":68,"char":"a","width":24,"height":27,"xoffset":0,"yoffset":11,"xadvance":23,"chnl":15,"x":188,"y":439,"page":0},{"id":101,"index":72,"char":"e","width":24,"height":27,"xoffset":0,"yoffset":11,"xadvance":23,"chnl":15,"x":188,"y":966,"page":0},{"id":111,"index":82,"char":"o","width":24,"height":27,"xoffset":-1,"yoffset":11,"xadvance":23,"chnl":15,"x":188,"y":994,"page":0},{"id":115,"index":86,"char":"s","width":22,"height":27,"xoffset":-1,"yoffset":11,"xadvance":21,"chnl":15,"x":156,"y":720,"page":0},{"id":99,"index":70,"char":"c","width":23,"height":27,"xoffset":0,"yoffset":11,"xadvance":21,"chnl":15,"x":156,"y":748,"page":0},{"id":8211,"index":177,"char":"–","width":27,"height":7,"xoffset":-2,"yoffset":21,"xadvance":23,"chnl":15,"x":65,"y":445,"page":0},{"id":1072,"index":602,"char":"а","width":24,"height":27,"xoffset":0,"yoffset":11,"xadvance":23,"chnl":15,"x":159,"y":776,"page":0},{"id":1077,"index":607,"char":"е","width":24,"height":27,"xoffset":0,"yoffset":11,"xadvance":23,"chnl":15,"x":168,"y":804,"page":0},{"id":1079,"index":609,"char":"з","width":21,"height":27,"xoffset":-1,"yoffset":11,"xadvance":19,"chnl":15,"x":168,"y":832,"page":0},{"id":1084,"index":614,"char":"м","width":27,"height":26,"xoffset":1,"yoffset":11,"xadvance":29,"chnl":15,"x":177,"y":860,"page":0},{"id":1086,"index":616,"char":"о","width":24,"height":27,"xoffset":-1,"yoffset":11,"xadvance":23,"chnl":15,"x":190,"y":832,"page":0},{"id":1089,"index":619,"char":"с","width":23,"height":27,"xoffset":0,"yoffset":11,"xadvance":21,"chnl":15,"x":202,"y":887,"page":0},{"id":1101,"index":631,"char":"э","width":23,"height":27,"xoffset":-1,"yoffset":11,"xadvance":21,"chnl":15,"x":204,"y":915,"page":0},{"id":949,"index":304,"char":"ε","width":20,"height":27,"xoffset":0,"yoffset":11,"xadvance":19,"chnl":15,"x":213,"y":943,"page":0},{"id":959,"index":544,"char":"ο","width":24,"height":27,"xoffset":-1,"yoffset":11,"xadvance":23,"chnl":15,"x":213,"y":971,"page":0},{"id":945,"index":302,"char":"α","width":25,"height":27,"xoffset":-1,"yoffset":11,"xadvance":24,"chnl":15,"x":165,"y":578,"page":0},{"id":122,"index":93,"char":"z","width":23,"height":26,"xoffset":-1,"yoffset":11,"xadvance":21,"chnl":15,"x":205,"y":860,"page":0},{"id":114,"index":85,"char":"r","width":16,"height":26,"xoffset":1,"yoffset":11,"xadvance":14,"chnl":15,"x":279,"y":70,"page":0},{"id":117,"index":88,"char":"u","width":22,"height":26,"xoffset":1,"yoffset":11,"xadvance":23,"chnl":15,"x":226,"y":887,"page":0},{"id":120,"index":91,"char":"x","width":24,"height":26,"xoffset":-2,"yoffset":11,"xadvance":21,"chnl":15,"x":228,"y":914,"page":0},{"id":118,"index":89,"char":"v","width":24,"height":26,"xoffset":-1,"yoffset":11,"xadvance":21,"chnl":15,"x":234,"y":941,"page":0},{"id":110,"index":81,"char":"n","width":22,"height":26,"xoffset":1,"yoffset":11,"xadvance":23,"chnl":15,"x":172,"y":540,"page":0},{"id":58,"index":29,"char":":","width":8,"height":26,"xoffset":2,"yoffset":11,"xadvance":12,"chnl":15,"x":52,"y":129,"page":0},{"id":1074,"index":604,"char":"в","width":22,"height":26,"xoffset":1,"yoffset":11,"xadvance":22,"chnl":15,"x":192,"y":496,"page":0},{"id":1075,"index":605,"char":"г","width":17,"height":26,"xoffset":1,"yoffset":11,"xadvance":15,"chnl":15,"x":206,"y":467,"page":0},{"id":1080,"index":610,"char":"и","width":22,"height":26,"xoffset":1,"yoffset":11,"xadvance":23,"chnl":15,"x":213,"y":439,"page":0},{"id":1082,"index":612,"char":"к","width":20,"height":26,"xoffset":1,"yoffset":11,"xadvance":18,"chnl":15,"x":217,"y":411,"page":0},{"id":1083,"index":613,"char":"л","width":25,"height":26,"xoffset":-2,"yoffset":11,"xadvance":25,"chnl":15,"x":220,"y":368,"page":0},{"id":1085,"index":615,"char":"н","width":22,"height":26,"xoffset":1,"yoffset":11,"xadvance":23,"chnl":15,"x":227,"y":331,"page":0},{"id":1087,"index":617,"char":"п","width":21,"height":26,"xoffset":1,"yoffset":11,"xadvance":23,"chnl":15,"x":248,"y":284,"page":0},{"id":1090,"index":620,"char":"т","width":22,"height":26,"xoffset":-1,"yoffset":11,"xadvance":19,"chnl":15,"x":249,"y":249,"page":0},{"id":1093,"index":623,"char":"х","width":24,"height":26,"xoffset":-2,"yoffset":11,"xadvance":21,"chnl":15,"x":238,"y":968,"page":0},{"id":1095,"index":625,"char":"ч","width":22,"height":26,"xoffset":-1,"yoffset":11,"xadvance":22,"chnl":15,"x":238,"y":995,"page":0},{"id":1100,"index":630,"char":"ь","width":22,"height":26,"xoffset":1,"yoffset":11,"xadvance":22,"chnl":15,"x":261,"y":995,"page":0},{"id":1103,"index":633,"char":"я","width":23,"height":26,"xoffset":-1,"yoffset":11,"xadvance":23,"chnl":15,"x":165,"y":606,"page":0},{"id":964,"index":306,"char":"τ","width":19,"height":26,"xoffset":-1,"yoffset":11,"xadvance":17,"chnl":15,"x":165,"y":633,"page":0},{"id":965,"index":547,"char":"υ","width":21,"height":26,"xoffset":1,"yoffset":11,"xadvance":23,"chnl":15,"x":165,"y":660,"page":0},{"id":953,"index":538,"char":"ι","width":8,"height":26,"xoffset":1,"yoffset":11,"xadvance":9,"chnl":15,"x":61,"y":129,"page":0},{"id":954,"index":539,"char":"κ","width":22,"height":26,"xoffset":1,"yoffset":11,"xadvance":21,"chnl":15,"x":185,"y":633,"page":0},{"id":957,"index":542,"char":"ν","width":24,"height":26,"xoffset":-1,"yoffset":11,"xadvance":21,"chnl":15,"x":189,"y":606,"page":0},{"id":126,"index":97,"char":"~","width":25,"height":11,"xoffset":0,"yoffset":15,"xadvance":25,"chnl":15,"x":282,"y":167,"page":0},{"id":43,"index":14,"char":"+","width":24,"height":24,"xoffset":0,"yoffset":8,"xadvance":25,"chnl":15,"x":149,"y":243,"page":0},{"id":61,"index":32,"char":"=","width":24,"height":17,"xoffset":0,"yoffset":12,"xadvance":25,"chnl":15,"x":213,"y":999,"page":0},{"id":60,"index":31,"char":"<","width":24,"height":24,"xoffset":0,"yoffset":8,"xadvance":25,"chnl":15,"x":165,"y":687,"page":0},{"id":62,"index":33,"char":">","width":24,"height":24,"xoffset":0,"yoffset":8,"xadvance":25,"chnl":15,"x":187,"y":660,"page":0},{"id":42,"index":13,"char":"*","width":18,"height":17,"xoffset":-1,"yoffset":2,"xadvance":16,"chnl":15,"x":248,"y":311,"page":0},{"id":45,"index":16,"char":"-","width":15,"height":8,"xoffset":-1,"yoffset":20,"xadvance":14,"chnl":15,"x":129,"y":305,"page":0},{"id":34,"index":5,"char":"\"","width":15,"height":15,"xoffset":0,"yoffset":3,"xadvance":15,"chnl":15,"x":110,"y":269,"page":0},{"id":39,"index":10,"char":"'","width":8,"height":15,"xoffset":0,"yoffset":3,"xadvance":8,"chnl":15,"x":153,"y":154,"page":0},{"id":176,"index":131,"char":"°","width":15,"height":15,"xoffset":1,"yoffset":2,"xadvance":17,"chnl":15,"x":220,"y":395,"page":0},{"id":44,"index":15,"char":",","width":8,"height":14,"xoffset":1,"yoffset":29,"xadvance":12,"chnl":15,"x":0,"y":1010,"page":0},{"id":8216,"index":181,"char":"‘","width":8,"height":14,"xoffset":1,"yoffset":2,"xadvance":9,"chnl":15,"x":159,"y":804,"page":0},{"id":8217,"index":182,"char":"’","width":8,"height":14,"xoffset":0,"yoffset":3,"xadvance":9,"chnl":15,"x":204,"y":943,"page":0},{"id":96,"index":67,"char":"`","width":12,"height":10,"xoffset":0,"yoffset":3,"xadvance":14,"chnl":15,"x":70,"y":172,"page":0},{"id":46,"index":17,"char":".","width":8,"height":8,"xoffset":2,"yoffset":29,"xadvance":12,"chnl":15,"x":100,"y":641,"page":0}],"info":{"face":"Arial","size":42,"bold":0,"italic":0,"charset":["a","z","e","r","t","y","u","i","o","p","q","s","d","f","g","h","j","k","l","m","w","x","c","v","b","n","A","Z","E","R","T","Y","U","I","O","P","Q","S","D","F","G","H","J","K","L","M","W","X","C","V","B","N","é","É","à","À","è","È","ù","Ù","ë","Ë","ü","Ü","ï","Ï","â","ê","î","ô","û","Â","Ê","Î","Ô","Û","í","Í","á","Á","ó","Ó","ú","Ú","ñ","Ñ","ł","Ł","ç","Ç","ý","Ý","č","Č","š","Š","æ","Æ","œ","Œ","/","\\","*","-","–","+","7","8","9","4","5","6","1","2","3","0",",",";",":","!","?","¡","¿",".","%","$","£","€","=","{","}","(",")","<",">","[","]","&","~","\"","'","‘","’","`","#","_","°","@","А","а","Б","б","В","в","Г","г","Д","д","Е","е","Ё","ё","Ж","ж","З","з","И","и","Й","й","К","к","Л","л","М","м","Н","н","О","о","П","п","Р","р","С","с","Т","т","У","у","Ф","ф","Х","х","Ц","ц","Ч","ч","Ш","ш","Щ","щ","Ъ","ъ","Ы","ы","Ь","ь","Э","э","Ю","ю","Я","я","ö","Ö","ä","Ä","ς","ε","ρ","τ","υ","θ","ι","ο","π","α","σ","δ","φ","γ","η","ξ","κ","λ","ζ","χ","ψ","ω","β","ν","μ","Ε","Ρ","Τ","Υ","Θ","Ι","Ο","Π","Α","Σ","Δ","Φ","Γ","Η","Ξ","Κ","Λ","Ζ","Χ","Ψ","Ω","Β","Ν","Μ","å","Å","ø","Ø"],"unicode":1,"stretchH":100,"smooth":1,"aa":1,"padding":[2,2,2,2],"spacing":[0,0]},"common":{"lineHeight":46,"base":33,"scaleW":1024,"scaleH":1024,"pages":1,"packed":0,"alphaChnl":0,"redChnl":0,"greenChnl":0,"blueChnl":0},"distanceField":{"fieldType":"msdf","distanceRange":4},"kernings":[{"first":114,"second":44,"amount":-2},{"first":114,"second":46,"amount":-2},{"first":114,"second":8217,"amount":2},{"first":121,"second":44,"amount":-3},{"first":121,"second":46,"amount":-3},{"first":102,"second":102,"amount":-1},{"first":102,"second":8217,"amount":1},{"first":119,"second":44,"amount":-2},{"first":119,"second":46,"amount":-2},{"first":118,"second":44,"amount":-3},{"first":118,"second":46,"amount":-3},{"first":65,"second":121,"amount":-1},{"first":65,"second":119,"amount":-1},{"first":65,"second":118,"amount":-1},{"first":65,"second":84,"amount":-3},{"first":65,"second":89,"amount":-3},{"first":65,"second":87,"amount":-2},{"first":65,"second":86,"amount":-3},{"first":65,"second":8217,"amount":-3},{"first":82,"second":84,"amount":-1},{"first":82,"second":89,"amount":-1},{"first":82,"second":87,"amount":-1},{"first":82,"second":86,"amount":-1},{"first":84,"second":97,"amount":-5},{"first":84,"second":101,"amount":-5},{"first":84,"second":114,"amount":-2},{"first":84,"second":121,"amount":-2},{"first":84,"second":117,"amount":-2},{"first":84,"second":105,"amount":-2},{"first":84,"second":111,"amount":-5},{"first":84,"second":115,"amount":-5},{"first":84,"second":119,"amount":-2},{"first":84,"second":99,"amount":-5},{"first":84,"second":65,"amount":-3},{"first":84,"second":79,"amount":-1},{"first":84,"second":45,"amount":-2},{"first":84,"second":44,"amount":-5},{"first":84,"second":59,"amount":-5},{"first":84,"second":58,"amount":-5},{"first":84,"second":46,"amount":-5},{"first":89,"second":97,"amount":-3},{"first":89,"second":101,"amount":-4},{"first":89,"second":117,"amount":-2},{"first":89,"second":105,"amount":-2},{"first":89,"second":111,"amount":-4},{"first":89,"second":112,"amount":-3},{"first":89,"second":113,"amount":-4},{"first":89,"second":118,"amount":-2},{"first":89,"second":65,"amount":-3},{"first":89,"second":45,"amount":-4},{"first":89,"second":44,"amount":-5},{"first":89,"second":59,"amount":-3},{"first":89,"second":58,"amount":-2},{"first":89,"second":46,"amount":-5},{"first":80,"second":65,"amount":-3},{"first":80,"second":44,"amount":-5},{"first":80,"second":46,"amount":-5},{"first":70,"second":65,"amount":-2},{"first":70,"second":44,"amount":-5},{"first":70,"second":46,"amount":-5},{"first":76,"second":121,"amount":-2},{"first":76,"second":84,"amount":-3},{"first":76,"second":89,"amount":-3},{"first":76,"second":87,"amount":-3},{"first":76,"second":86,"amount":-3},{"first":76,"second":8217,"amount":-2},{"first":87,"second":97,"amount":-2},{"first":87,"second":101,"amount":-1},{"first":87,"second":114,"amount":-1},{"first":87,"second":121,"amount":0},{"first":87,"second":117,"amount":-1},{"first":87,"second":111,"amount":-1},{"first":87,"second":65,"amount":-2},{"first":87,"second":45,"amount":-1},{"first":87,"second":44,"amount":-2},{"first":87,"second":59,"amount":-1},{"first":87,"second":58,"amount":-1},{"first":87,"second":46,"amount":-2},{"first":86,"second":97,"amount":-3},{"first":86,"second":101,"amount":-2},{"first":86,"second":114,"amount":-2},{"first":86,"second":121,"amount":-2},{"first":86,"second":117,"amount":-2},{"first":86,"second":105,"amount":-1},{"first":86,"second":111,"amount":-2},{"first":86,"second":65,"amount":-3},{"first":86,"second":45,"amount":-2},{"first":86,"second":44,"amount":-4},{"first":86,"second":59,"amount":-2},{"first":86,"second":58,"amount":-2},{"first":86,"second":46,"amount":-4},{"first":49,"second":49,"amount":-3},{"first":8216,"second":8216,"amount":-1},{"first":8217,"second":115,"amount":-1},{"first":8217,"second":8217,"amount":-1},{"first":1040,"second":8217,"amount":-2},{"first":1040,"second":1072,"amount":0},{"first":1040,"second":1044,"amount":1},{"first":1040,"second":1047,"amount":0},{"first":1040,"second":1051,"amount":1},{"first":1040,"second":1054,"amount":-1},{"first":1040,"second":1055,"amount":0},{"first":1040,"second":1057,"amount":-1},{"first":1040,"second":1058,"amount":-3},{"first":1040,"second":1090,"amount":-1},{"first":1040,"second":1059,"amount":-2},{"first":1040,"second":1091,"amount":0},{"first":1040,"second":1060,"amount":-1},{"first":1040,"second":1092,"amount":0},{"first":1040,"second":1063,"amount":-3},{"first":1040,"second":1069,"amount":-1},{"first":1040,"second":1101,"amount":1},{"first":1072,"second":1079,"amount":0},{"first":1072,"second":1090,"amount":-1},{"first":1072,"second":1091,"amount":0},{"first":1072,"second":1095,"amount":-1},{"first":1041,"second":1040,"amount":-1},{"first":1041,"second":1047,"amount":0},{"first":1041,"second":1083,"amount":0},{"first":1041,"second":1054,"amount":0},{"first":1041,"second":1057,"amount":0},{"first":1041,"second":1058,"amount":-2},{"first":1041,"second":1059,"amount":-1},{"first":1041,"second":1091,"amount":-1},{"first":1041,"second":1060,"amount":0},{"first":1041,"second":1061,"amount":-1},{"first":1041,"second":1063,"amount":-2},{"first":1041,"second":1066,"amount":-1},{"first":1041,"second":1069,"amount":0},{"first":1041,"second":1071,"amount":0},{"first":1073,"second":1072,"amount":-1},{"first":1073,"second":1076,"amount":-2},{"first":1073,"second":1077,"amount":0},{"first":1073,"second":1078,"amount":0},{"first":1073,"second":1079,"amount":-1},{"first":1073,"second":1083,"amount":-2},{"first":1073,"second":1084,"amount":-1},{"first":1073,"second":1089,"amount":0},{"first":1073,"second":1091,"amount":-1},{"first":1073,"second":1092,"amount":0},{"first":1073,"second":1093,"amount":-1},{"first":1073,"second":1095,"amount":-1},{"first":1073,"second":1098,"amount":-1},{"first":1073,"second":1101,"amount":0},{"first":1073,"second":1103,"amount":-1},{"first":1042,"second":1040,"amount":-1},{"first":1042,"second":1044,"amount":-1},{"first":1042,"second":1076,"amount":0},{"first":1042,"second":1046,"amount":-1},{"first":1042,"second":1047,"amount":-1},{"first":1042,"second":1051,"amount":0},{"first":1042,"second":1084,"amount":0},{"first":1042,"second":1054,"amount":-1},{"first":1042,"second":1057,"amount":-1},{"first":1042,"second":1058,"amount":-3},{"first":1042,"second":1090,"amount":-1},{"first":1042,"second":1059,"amount":-1},{"first":1042,"second":1091,"amount":0},{"first":1042,"second":1060,"amount":-1},{"first":1042,"second":1061,"amount":-2},{"first":1042,"second":1093,"amount":0},{"first":1042,"second":1063,"amount":-2},{"first":1042,"second":1095,"amount":-1},{"first":1042,"second":1066,"amount":-2},{"first":1042,"second":1071,"amount":-1},{"first":1042,"second":1103,"amount":0},{"first":1074,"second":1072,"amount":0},{"first":1074,"second":1073,"amount":0},{"first":1074,"second":1076,"amount":0},{"first":1074,"second":1077,"amount":0},{"first":1074,"second":1078,"amount":0},{"first":1074,"second":1079,"amount":0},{"first":1074,"second":1083,"amount":-1},{"first":1074,"second":1084,"amount":0},{"first":1074,"second":1086,"amount":0},{"first":1074,"second":1089,"amount":0},{"first":1074,"second":1090,"amount":-1},{"first":1074,"second":1091,"amount":-1},{"first":1074,"second":1092,"amount":0},{"first":1074,"second":1095,"amount":-2},{"first":1074,"second":1098,"amount":-1},{"first":1074,"second":1103,"amount":0},{"first":1043,"second":44,"amount":-5},{"first":1043,"second":46,"amount":-5},{"first":1043,"second":1040,"amount":-3},{"first":1043,"second":1072,"amount":-2},{"first":1043,"second":1074,"amount":-2},{"first":1043,"second":1044,"amount":-3},{"first":1043,"second":1076,"amount":-3},{"first":1043,"second":1077,"amount":-3},{"first":1043,"second":1047,"amount":-1},{"first":1043,"second":1080,"amount":-2},{"first":1043,"second":1051,"amount":-2},{"first":1043,"second":1083,"amount":-2},{"first":1043,"second":1052,"amount":-1},{"first":1043,"second":1084,"amount":-2},{"first":1043,"second":1085,"amount":-2},{"first":1043,"second":1054,"amount":-2},{"first":1043,"second":1086,"amount":-3},{"first":1043,"second":1088,"amount":-2},{"first":1043,"second":1057,"amount":-2},{"first":1043,"second":1091,"amount":-3},{"first":1043,"second":1099,"amount":-2},{"first":1043,"second":1100,"amount":-2},{"first":1043,"second":1102,"amount":-2},{"first":1043,"second":1071,"amount":-1},{"first":1043,"second":1103,"amount":-3},{"first":1075,"second":44,"amount":-5},{"first":1075,"second":46,"amount":-5},{"first":1075,"second":1072,"amount":-1},{"first":1075,"second":1076,"amount":-2},{"first":1075,"second":1077,"amount":-1},{"first":1075,"second":1079,"amount":0},{"first":1075,"second":1083,"amount":-1},{"first":1075,"second":1086,"amount":-1},{"first":1075,"second":1089,"amount":-1},{"first":1075,"second":1103,"amount":0},{"first":1044,"second":1079,"amount":1},{"first":1044,"second":1086,"amount":0},{"first":1044,"second":1059,"amount":0},{"first":1044,"second":1091,"amount":1},{"first":1044,"second":1060,"amount":-1},{"first":1044,"second":1063,"amount":-1},{"first":1076,"second":1098,"amount":-1},{"first":1076,"second":1101,"amount":0},{"first":1045,"second":1047,"amount":-1},{"first":1045,"second":1089,"amount":0},{"first":1077,"second":1073,"amount":0},{"first":1077,"second":1076,"amount":-1},{"first":1077,"second":1078,"amount":0},{"first":1077,"second":1079,"amount":-1},{"first":1077,"second":1083,"amount":-1},{"first":1077,"second":1090,"amount":-1},{"first":1077,"second":1091,"amount":0},{"first":1077,"second":1093,"amount":-1},{"first":1077,"second":1095,"amount":-1},{"first":1046,"second":1072,"amount":0},{"first":1046,"second":1077,"amount":-1},{"first":1046,"second":1047,"amount":0},{"first":1046,"second":1054,"amount":-1},{"first":1046,"second":1086,"amount":0},{"first":1046,"second":1057,"amount":0},{"first":1046,"second":1058,"amount":0},{"first":1046,"second":1059,"amount":1},{"first":1046,"second":1091,"amount":0},{"first":1046,"second":1066,"amount":1},{"first":1078,"second":1073,"amount":0},{"first":1078,"second":1091,"amount":0},{"first":1078,"second":1095,"amount":0},{"first":1078,"second":1098,"amount":1},{"first":1047,"second":1051,"amount":0},{"first":1047,"second":1054,"amount":0},{"first":1047,"second":1057,"amount":0},{"first":1047,"second":1058,"amount":-1},{"first":1047,"second":1059,"amount":0},{"first":1047,"second":1060,"amount":0},{"first":1047,"second":1063,"amount":-1},{"first":1047,"second":1071,"amount":0},{"first":1079,"second":1073,"amount":0},{"first":1079,"second":1076,"amount":-1},{"first":1079,"second":1077,"amount":0},{"first":1079,"second":1079,"amount":0},{"first":1079,"second":1083,"amount":0},{"first":1079,"second":1086,"amount":0},{"first":1079,"second":1089,"amount":0},{"first":1079,"second":1091,"amount":0},{"first":1079,"second":1092,"amount":0},{"first":1079,"second":1095,"amount":-1},{"first":1079,"second":1098,"amount":-1},{"first":1050,"second":1047,"amount":0},{"first":1050,"second":1054,"amount":0},{"first":1050,"second":1057,"amount":0},{"first":1050,"second":1059,"amount":0},{"first":1050,"second":1060,"amount":-1},{"first":1082,"second":1072,"amount":1},{"first":1082,"second":1073,"amount":1},{"first":1082,"second":1077,"amount":0},{"first":1082,"second":1079,"amount":0},{"first":1082,"second":1083,"amount":0},{"first":1082,"second":1086,"amount":0},{"first":1082,"second":1089,"amount":0},{"first":1082,"second":1090,"amount":0},{"first":1082,"second":1091,"amount":0},{"first":1082,"second":1101,"amount":0},{"first":1051,"second":1073,"amount":0},{"first":1051,"second":1091,"amount":0},{"first":1051,"second":1060,"amount":0},{"first":1083,"second":1086,"amount":0},{"first":1083,"second":1095,"amount":-1},{"first":1052,"second":1072,"amount":0},{"first":1052,"second":1077,"amount":0},{"first":1052,"second":1086,"amount":0},{"first":1052,"second":1089,"amount":0},{"first":1052,"second":1091,"amount":0},{"first":1052,"second":1060,"amount":0},{"first":1052,"second":1063,"amount":0},{"first":1052,"second":1095,"amount":0},{"first":1052,"second":1101,"amount":0},{"first":1084,"second":1073,"amount":0},{"first":1084,"second":1079,"amount":0},{"first":1084,"second":1091,"amount":0},{"first":1054,"second":1040,"amount":-1},{"first":1054,"second":1044,"amount":-1},{"first":1054,"second":1076,"amount":-1},{"first":1054,"second":1046,"amount":-1},{"first":1054,"second":1051,"amount":0},{"first":1054,"second":1083,"amount":0},{"first":1054,"second":1059,"amount":-1},{"first":1054,"second":1061,"amount":-2},{"first":1054,"second":1093,"amount":0},{"first":1054,"second":1063,"amount":-1},{"first":1054,"second":1071,"amount":-1},{"first":1086,"second":1076,"amount":-1},{"first":1086,"second":1078,"amount":0},{"first":1086,"second":1079,"amount":0},{"first":1086,"second":1083,"amount":-1},{"first":1086,"second":1090,"amount":-1},{"first":1086,"second":1091,"amount":0},{"first":1086,"second":1093,"amount":0},{"first":1086,"second":1095,"amount":-1},{"first":1056,"second":44,"amount":-8},{"first":1056,"second":59,"amount":-1},{"first":1056,"second":58,"amount":-1},{"first":1056,"second":46,"amount":-8},{"first":1056,"second":1040,"amount":-3},{"first":1056,"second":1072,"amount":-1},{"first":1056,"second":1044,"amount":-3},{"first":1056,"second":1076,"amount":-3},{"first":1056,"second":1077,"amount":-2},{"first":1056,"second":1046,"amount":0},{"first":1056,"second":1047,"amount":-1},{"first":1056,"second":1051,"amount":-2},{"first":1056,"second":1052,"amount":0},{"first":1056,"second":1054,"amount":-1},{"first":1056,"second":1086,"amount":-2},{"first":1056,"second":1057,"amount":0},{"first":1056,"second":1058,"amount":-2},{"first":1056,"second":1059,"amount":-1},{"first":1056,"second":1060,"amount":0},{"first":1056,"second":1061,"amount":-2},{"first":1056,"second":1101,"amount":-1},{"first":1056,"second":1071,"amount":-1},{"first":1056,"second":1103,"amount":-1},{"first":1088,"second":1076,"amount":-1},{"first":1088,"second":1079,"amount":0},{"first":1088,"second":1083,"amount":-1},{"first":1088,"second":1090,"amount":-1},{"first":1088,"second":1091,"amount":0},{"first":1088,"second":1093,"amount":0},{"first":1088,"second":1095,"amount":-1},{"first":1088,"second":1103,"amount":0},{"first":1057,"second":1040,"amount":-1},{"first":1057,"second":1072,"amount":0},{"first":1057,"second":1044,"amount":-1},{"first":1057,"second":1078,"amount":1},{"first":1057,"second":1047,"amount":0},{"first":1057,"second":1051,"amount":-1},{"first":1057,"second":1052,"amount":0},{"first":1057,"second":1054,"amount":-1},{"first":1057,"second":1058,"amount":-1},{"first":1057,"second":1059,"amount":-1},{"first":1057,"second":1061,"amount":-2},{"first":1057,"second":1063,"amount":-1},{"first":1057,"second":1095,"amount":0},{"first":1057,"second":1066,"amount":-1},{"first":1057,"second":1069,"amount":0},{"first":1089,"second":1078,"amount":0},{"first":1089,"second":1086,"amount":0},{"first":1089,"second":1095,"amount":0},{"first":1089,"second":1101,"amount":0},{"first":1058,"second":44,"amount":-5},{"first":1058,"second":46,"amount":-5},{"first":1058,"second":1040,"amount":-1},{"first":1058,"second":1072,"amount":-2},{"first":1058,"second":1074,"amount":-2},{"first":1058,"second":1044,"amount":-1},{"first":1058,"second":1077,"amount":-2},{"first":1058,"second":1046,"amount":0},{"first":1058,"second":1047,"amount":0},{"first":1058,"second":1080,"amount":-2},{"first":1058,"second":1082,"amount":-2},{"first":1058,"second":1051,"amount":-1},{"first":1058,"second":1083,"amount":-2},{"first":1058,"second":1084,"amount":-2},{"first":1058,"second":1054,"amount":-2},{"first":1058,"second":1086,"amount":-3},{"first":1058,"second":1087,"amount":-2},{"first":1058,"second":1088,"amount":-2},{"first":1058,"second":1089,"amount":-2},{"first":1058,"second":1091,"amount":-2},{"first":1058,"second":1060,"amount":-1},{"first":1058,"second":1093,"amount":-2},{"first":1058,"second":1097,"amount":-2},{"first":1058,"second":1099,"amount":-2},{"first":1058,"second":1100,"amount":-2},{"first":1058,"second":1102,"amount":-2},{"first":1058,"second":1071,"amount":-1},{"first":1058,"second":1103,"amount":-2},{"first":1090,"second":44,"amount":-5},{"first":1090,"second":46,"amount":-5},{"first":1090,"second":1072,"amount":0},{"first":1090,"second":1076,"amount":-1},{"first":1090,"second":1077,"amount":0},{"first":1090,"second":1078,"amount":1},{"first":1090,"second":1083,"amount":-1},{"first":1090,"second":1086,"amount":0},{"first":1090,"second":1089,"amount":0},{"first":1090,"second":1091,"amount":0},{"first":1059,"second":44,"amount":-6},{"first":1059,"second":59,"amount":-1},{"first":1059,"second":58,"amount":-1},{"first":1059,"second":46,"amount":-6},{"first":1059,"second":1040,"amount":-3},{"first":1059,"second":1073,"amount":-1},{"first":1059,"second":1074,"amount":-2},{"first":1059,"second":1075,"amount":-2},{"first":1059,"second":1044,"amount":-2},{"first":1059,"second":1076,"amount":-3},{"first":1059,"second":1077,"amount":-3},{"first":1059,"second":1078,"amount":-1},{"first":1059,"second":1047,"amount":-1},{"first":1059,"second":1079,"amount":-2},{"first":1059,"second":1080,"amount":-2},{"first":1059,"second":1081,"amount":-1},{"first":1059,"second":1082,"amount":-2},{"first":1059,"second":1051,"amount":-1},{"first":1059,"second":1083,"amount":-3},{"first":1059,"second":1084,"amount":-2},{"first":1059,"second":1085,"amount":-2},{"first":1059,"second":1054,"amount":-1},{"first":1059,"second":1086,"amount":-3},{"first":1059,"second":1087,"amount":-2},{"first":1059,"second":1088,"amount":-2},{"first":1059,"second":1089,"amount":-3},{"first":1059,"second":1060,"amount":-1},{"first":1059,"second":1093,"amount":-2},{"first":1059,"second":1094,"amount":-2},{"first":1059,"second":1096,"amount":-2},{"first":1059,"second":1097,"amount":-2},{"first":1059,"second":1069,"amount":-1},{"first":1059,"second":1102,"amount":-2},{"first":1059,"second":1071,"amount":-1},{"first":1059,"second":1103,"amount":-3},{"first":1091,"second":44,"amount":-4},{"first":1091,"second":46,"amount":-4},{"first":1091,"second":1072,"amount":0},{"first":1091,"second":1073,"amount":0},{"first":1091,"second":1076,"amount":-1},{"first":1091,"second":1077,"amount":0},{"first":1091,"second":1078,"amount":0},{"first":1091,"second":1083,"amount":-1},{"first":1091,"second":1084,"amount":0},{"first":1091,"second":1086,"amount":-1},{"first":1091,"second":1088,"amount":0},{"first":1091,"second":1089,"amount":0},{"first":1091,"second":1092,"amount":0},{"first":1091,"second":1101,"amount":0},{"first":1091,"second":1103,"amount":0},{"first":1060,"second":1040,"amount":-1},{"first":1060,"second":1044,"amount":-1},{"first":1060,"second":1051,"amount":-1},{"first":1060,"second":1083,"amount":-1},{"first":1060,"second":1058,"amount":-2},{"first":1060,"second":1059,"amount":-2},{"first":1060,"second":1063,"amount":-1},{"first":1060,"second":1071,"amount":-1},{"first":1092,"second":1073,"amount":0},{"first":1092,"second":1076,"amount":-1},{"first":1092,"second":1083,"amount":-1},{"first":1092,"second":1090,"amount":-1},{"first":1092,"second":1091,"amount":0},{"first":1092,"second":1095,"amount":-1},{"first":1092,"second":1103,"amount":0},{"first":1061,"second":1047,"amount":-1},{"first":1061,"second":1054,"amount":-1},{"first":1061,"second":1086,"amount":0},{"first":1061,"second":1057,"amount":-1},{"first":1061,"second":1091,"amount":-1},{"first":1061,"second":1060,"amount":-1},{"first":1061,"second":1069,"amount":-1},{"first":1093,"second":1072,"amount":0},{"first":1093,"second":1073,"amount":0},{"first":1093,"second":1077,"amount":0},{"first":1093,"second":1079,"amount":0},{"first":1093,"second":1086,"amount":0},{"first":1093,"second":1089,"amount":0},{"first":1093,"second":1090,"amount":0},{"first":1093,"second":1092,"amount":0},{"first":1093,"second":1095,"amount":-1},{"first":1062,"second":1072,"amount":1},{"first":1062,"second":1054,"amount":-1},{"first":1094,"second":1077,"amount":0},{"first":1094,"second":1079,"amount":0},{"first":1094,"second":1086,"amount":0},{"first":1094,"second":1089,"amount":0},{"first":1065,"second":1072,"amount":0},{"first":1065,"second":1091,"amount":1},{"first":1097,"second":1077,"amount":0},{"first":1097,"second":1086,"amount":0},{"first":1097,"second":1091,"amount":0},{"first":1066,"second":8217,"amount":-3},{"first":1066,"second":1071,"amount":-1},{"first":1068,"second":8217,"amount":-3},{"first":1068,"second":1040,"amount":-1},{"first":1068,"second":1044,"amount":-1},{"first":1068,"second":1046,"amount":-1},{"first":1068,"second":1047,"amount":0},{"first":1068,"second":1051,"amount":-1},{"first":1068,"second":1052,"amount":-1},{"first":1068,"second":1054,"amount":-1},{"first":1068,"second":1057,"amount":-1},{"first":1068,"second":1058,"amount":-4},{"first":1068,"second":1061,"amount":-2},{"first":1068,"second":1063,"amount":-3},{"first":1068,"second":1069,"amount":0},{"first":1068,"second":1071,"amount":-2},{"first":1100,"second":1090,"amount":-3},{"first":1100,"second":1095,"amount":-3},{"first":1069,"second":1044,"amount":-1},{"first":1069,"second":1076,"amount":-1},{"first":1069,"second":1046,"amount":-1},{"first":1069,"second":1078,"amount":0},{"first":1069,"second":1047,"amount":0},{"first":1069,"second":1051,"amount":-1},{"first":1069,"second":1083,"amount":-1},{"first":1069,"second":1084,"amount":0},{"first":1069,"second":1061,"amount":-1},{"first":1069,"second":1071,"amount":-1},{"first":1069,"second":1103,"amount":0},{"first":1101,"second":1076,"amount":-1},{"first":1101,"second":1077,"amount":0},{"first":1101,"second":1079,"amount":0},{"first":1101,"second":1083,"amount":-1},{"first":1101,"second":1086,"amount":0},{"first":1101,"second":1090,"amount":-1},{"first":1101,"second":1093,"amount":0},{"first":1101,"second":1103,"amount":0},{"first":1070,"second":1040,"amount":-1},{"first":1070,"second":1044,"amount":-2},{"first":1070,"second":1076,"amount":-2},{"first":1070,"second":1046,"amount":-1},{"first":1070,"second":1051,"amount":-2},{"first":1070,"second":1083,"amount":-2},{"first":1070,"second":1084,"amount":0},{"first":1070,"second":1054,"amount":0},{"first":1070,"second":1057,"amount":0},{"first":1070,"second":1058,"amount":-2},{"first":1070,"second":1061,"amount":-2},{"first":1070,"second":1063,"amount":-1},{"first":1102,"second":1076,"amount":-1},{"first":1102,"second":1078,"amount":0},{"first":1102,"second":1083,"amount":-1},{"first":1102,"second":1084,"amount":0},{"first":1102,"second":1090,"amount":-1},{"first":1102,"second":1093,"amount":0},{"first":1102,"second":1095,"amount":-1},{"first":961,"second":964,"amount":-1},{"first":961,"second":960,"amount":-1},{"first":961,"second":955,"amount":-1},{"first":964,"second":962,"amount":-1},{"first":964,"second":959,"amount":-1},{"first":964,"second":945,"amount":-1},{"first":964,"second":963,"amount":-1},{"first":964,"second":948,"amount":-1},{"first":964,"second":966,"amount":-1},{"first":964,"second":950,"amount":-1},{"first":964,"second":969,"amount":-1},{"first":952,"second":955,"amount":-1},{"first":959,"second":964,"amount":-1},{"first":959,"second":960,"amount":-1},{"first":959,"second":955,"amount":-1},{"first":959,"second":967,"amount":-1},{"first":960,"second":962,"amount":-1},{"first":960,"second":959,"amount":-1},{"first":960,"second":945,"amount":-1},{"first":960,"second":963,"amount":-1},{"first":960,"second":966,"amount":-1},{"first":960,"second":950,"amount":-1},{"first":960,"second":969,"amount":-1},{"first":948,"second":964,"amount":-1},{"first":948,"second":960,"amount":-1},{"first":948,"second":955,"amount":-1},{"first":948,"second":967,"amount":-1},{"first":966,"second":964,"amount":-1},{"first":966,"second":960,"amount":-1},{"first":966,"second":955,"amount":-1},{"first":966,"second":967,"amount":-1},{"first":958,"second":962,"amount":-1},{"first":958,"second":959,"amount":-1},{"first":958,"second":945,"amount":-1},{"first":958,"second":963,"amount":-1},{"first":958,"second":948,"amount":-1},{"first":958,"second":966,"amount":-1},{"first":958,"second":958,"amount":-1},{"first":958,"second":950,"amount":-1},{"first":954,"second":962,"amount":-1},{"first":954,"second":952,"amount":-1},{"first":954,"second":959,"amount":-1},{"first":954,"second":945,"amount":-1},{"first":954,"second":963,"amount":-1},{"first":954,"second":948,"amount":-1},{"first":954,"second":966,"amount":-1},{"first":954,"second":958,"amount":-1},{"first":954,"second":950,"amount":-1},{"first":954,"second":969,"amount":-1},{"first":955,"second":962,"amount":-1},{"first":955,"second":965,"amount":-1},{"first":955,"second":959,"amount":-1},{"first":955,"second":945,"amount":-1},{"first":955,"second":963,"amount":-1},{"first":955,"second":948,"amount":-1},{"first":955,"second":966,"amount":-1},{"first":955,"second":958,"amount":-1},{"first":955,"second":969,"amount":-1},{"first":950,"second":964,"amount":-2},{"first":950,"second":952,"amount":-2},{"first":950,"second":953,"amount":-1},{"first":950,"second":959,"amount":-3},{"first":950,"second":960,"amount":-2},{"first":950,"second":945,"amount":-3},{"first":950,"second":963,"amount":-3},{"first":950,"second":948,"amount":-2},{"first":950,"second":966,"amount":-3},{"first":950,"second":947,"amount":-2},{"first":950,"second":951,"amount":-1},{"first":950,"second":954,"amount":-1},{"first":950,"second":969,"amount":-3},{"first":950,"second":957,"amount":-2},{"first":967,"second":962,"amount":-1},{"first":967,"second":959,"amount":-1},{"first":967,"second":945,"amount":-1},{"first":967,"second":963,"amount":-1},{"first":967,"second":948,"amount":-1},{"first":967,"second":966,"amount":-1},{"first":967,"second":950,"amount":-1},{"first":967,"second":969,"amount":-1},{"first":969,"second":964,"amount":-1},{"first":969,"second":960,"amount":-1},{"first":969,"second":955,"amount":-1},{"first":969,"second":967,"amount":-1},{"first":929,"second":44,"amount":-5},{"first":929,"second":46,"amount":-5},{"first":929,"second":913,"amount":-3},{"first":929,"second":916,"amount":-3},{"first":929,"second":923,"amount":-3},{"first":932,"second":44,"amount":-5},{"first":932,"second":59,"amount":-5},{"first":932,"second":58,"amount":-5},{"first":932,"second":46,"amount":-5},{"first":932,"second":949,"amount":-5},{"first":932,"second":965,"amount":-4},{"first":932,"second":953,"amount":-2},{"first":932,"second":959,"amount":-5},{"first":932,"second":945,"amount":-5},{"first":932,"second":963,"amount":-5},{"first":932,"second":966,"amount":-5},{"first":932,"second":947,"amount":-4},{"first":932,"second":951,"amount":-3},{"first":932,"second":967,"amount":-2},{"first":932,"second":968,"amount":-3},{"first":932,"second":957,"amount":-2},{"first":932,"second":956,"amount":-3},{"first":932,"second":920,"amount":-1},{"first":932,"second":927,"amount":-1},{"first":932,"second":913,"amount":-3},{"first":932,"second":916,"amount":-3},{"first":932,"second":934,"amount":-1},{"first":932,"second":923,"amount":-3},{"first":932,"second":937,"amount":-1},{"first":933,"second":45,"amount":-4},{"first":933,"second":44,"amount":-5},{"first":933,"second":59,"amount":-2},{"first":933,"second":58,"amount":-2},{"first":933,"second":46,"amount":-5},{"first":933,"second":953,"amount":-2},{"first":933,"second":959,"amount":-4},{"first":933,"second":945,"amount":-4},{"first":933,"second":963,"amount":-4},{"first":933,"second":966,"amount":-4},{"first":933,"second":947,"amount":-2},{"first":933,"second":951,"amount":-3},{"first":933,"second":954,"amount":-3},{"first":933,"second":956,"amount":-3},{"first":933,"second":920,"amount":-2},{"first":933,"second":927,"amount":-2},{"first":933,"second":913,"amount":-3},{"first":933,"second":916,"amount":-3},{"first":933,"second":934,"amount":-2},{"first":933,"second":923,"amount":-3},{"first":933,"second":937,"amount":-2},{"first":920,"second":933,"amount":-1},{"first":920,"second":913,"amount":-1},{"first":920,"second":916,"amount":-1},{"first":920,"second":923,"amount":-1},{"first":927,"second":933,"amount":-1},{"first":927,"second":913,"amount":-1},{"first":927,"second":916,"amount":-1},{"first":927,"second":923,"amount":-1},{"first":913,"second":8217,"amount":-3},{"first":913,"second":947,"amount":-1},{"first":913,"second":967,"amount":-1},{"first":913,"second":957,"amount":-1},{"first":913,"second":932,"amount":-3},{"first":913,"second":933,"amount":-3},{"first":913,"second":920,"amount":-1},{"first":913,"second":927,"amount":-1},{"first":913,"second":934,"amount":-1},{"first":931,"second":964,"amount":-2},{"first":931,"second":960,"amount":-2},{"first":916,"second":932,"amount":-2},{"first":916,"second":933,"amount":-3},{"first":916,"second":920,"amount":-1},{"first":916,"second":927,"amount":-1},{"first":934,"second":933,"amount":-1},{"first":934,"second":913,"amount":-1},{"first":915,"second":44,"amount":-5},{"first":915,"second":46,"amount":-5},{"first":915,"second":953,"amount":-2},{"first":915,"second":913,"amount":-4},{"first":915,"second":916,"amount":-4},{"first":915,"second":923,"amount":-4},{"first":922,"second":952,"amount":-1},{"first":922,"second":959,"amount":-1},{"first":922,"second":945,"amount":-1},{"first":922,"second":963,"amount":-1},{"first":922,"second":948,"amount":-1},{"first":922,"second":966,"amount":-1},{"first":922,"second":958,"amount":-1},{"first":922,"second":950,"amount":-1},{"first":922,"second":969,"amount":-1},{"first":922,"second":920,"amount":-1},{"first":922,"second":927,"amount":-1},{"first":922,"second":934,"amount":-2},{"first":923,"second":932,"amount":-3},{"first":923,"second":933,"amount":-3},{"first":923,"second":920,"amount":-1},{"first":923,"second":927,"amount":-1},{"first":936,"second":952,"amount":-1},{"first":936,"second":959,"amount":-2},{"first":936,"second":945,"amount":-2},{"first":936,"second":963,"amount":-2},{"first":936,"second":948,"amount":-2},{"first":936,"second":966,"amount":-2},{"first":936,"second":969,"amount":-2},{"first":937,"second":933,"amount":-1}]}