{
  "rules": {
    "workers": {
      "$worker": {
        "$experiment": {
          "submitted": {
            ".read": true,
            ".write": "!data.exists()"
          },
          "$uid": {
            "completed": {
              ".read": true,
              ".write": "auth !== null && $uid === auth.uid"
            },
            "consented": {
              ".write": "auth !== null && $uid === auth.uid"
            }
          }
        }
      }
    },

    "experiments": {
      "$experiment": {
        ".indexOn": "info/completed",
        "$uid": {
          ".read": "auth !== null && $uid === auth.uid",
          "info": {
            ".write": "auth !== null && $uid === auth.uid"
          },
          "$trial": {
            ".write": "auth !== null && $uid === auth.uid && !data.exists()"
          }
        }
      }
    }
  }
}
